{"cameraMode":{"drawMode":0,"name":"Shaded","section":"Shading Mode"},"sceneLighting":false,"audioPlay":false,"sceneViewState":{"showFog":true,"showMaterialUpdate":false,"showSkybox":false,"showFlares":true,"showImageEffects":true,"showParticleSystems":true},"in2DMode":false,"pivot":{"x":0.8832697868347168,"y":0.09869813919067383,"z":2.4521381855010988},"rotation":{"x":-0.15239226818084718,"y":0.7271561026573181,"z":-0.1712755411863327,"w":-0.6470893621444702},"size":7.00369930267334,"orthographic":false}