{"cameraMode":{"drawMode":0,"name":"Shaded","section":"Shading Mode"},"sceneLighting":true,"audioPlay":false,"sceneViewState":{"showFog":true,"showMaterialUpdate":false,"showSkybox":false,"showFlares":true,"showImageEffects":true,"showParticleSystems":true},"in2DMode":false,"pivot":{"x":-7.1978960037231449,"y":-4.899948596954346,"z":-8.234972953796387},"rotation":{"x":-0.06616606563329697,"y":-0.9337354898452759,"z":0.2422357052564621,"w":-0.2553739547729492},"size":16.896684646606447,"orthographic":false}