{"cameraMode":{"drawMode":0,"name":"Shaded","section":"Shading Mode"},"sceneLighting":true,"audioPlay":false,"sceneViewState":{"showFog":true,"showMaterialUpdate":false,"showSkybox":false,"showFlares":true,"showImageEffects":true,"showParticleSystems":true},"in2DMode":false,"pivot":{"x":-9.4091157913208,"y":1.1837913990020753,"z":-13.729924201965332},"rotation":{"x":0.05116349831223488,"y":-0.24610412120819093,"z":0.012989874929189682,"w":0.9678366780281067},"size":4.025761127471924,"orthographic":false}