{"cameraMode":{"drawMode":0,"name":"Shaded","section":"Shading Mode"},"sceneLighting":false,"audioPlay":false,"sceneViewState":{"showFog":true,"showMaterialUpdate":false,"showSkybox":false,"showFlares":true,"showImageEffects":true,"showParticleSystems":true},"in2DMode":false,"pivot":{"x":10.902181625366211,"y":1.806999921798706,"z":8.032498359680176},"rotation":{"x":-0.05954890698194504,"y":0.15419901907444,"z":-0.009321711026132107,"w":-0.9862195253372192},"size":15.632529258728028,"orthographic":false}