{"cameraMode":{"drawMode":0,"name":"Shaded","section":"Shading Mode"},"sceneLighting":false,"audioPlay":false,"sceneViewState":{"showFog":true,"showMaterialUpdate":false,"showSkybox":false,"showFlares":true,"showImageEffects":true,"showParticleSystems":true},"in2DMode":false,"pivot":{"x":1.8683346509933472,"y":1.3743919134140015,"z":1.630061149597168},"rotation":{"x":-0.10993191599845886,"y":0.14352154731750489,"z":-0.016014613211154939,"w":-0.9834811091423035},"size":6.0942769050598148,"orthographic":false}