{"cameraMode":{"drawMode":0,"name":"Shaded","section":"Shading Mode"},"sceneLighting":true,"audioPlay":false,"sceneViewState":{"showFog":true,"showMaterialUpdate":false,"showSkybox":true,"showFlares":true,"showImageEffects":true,"showParticleSystems":true},"in2DMode":false,"pivot":{"x":512.5628051757813,"y":301.292236328125,"z":24.51544189453125},"rotation":{"x":0.0333058126270771,"y":-0.010710600763559342,"z":0.0004352634714450687,"w":0.9995325207710266},"size":887.8765869140625,"orthographic":false}