{"cameraMode":{"drawMode":0,"name":"Shaded","section":"Shading Mode"},"sceneLighting":false,"audioPlay":false,"sceneViewState":{"showFog":true,"showMaterialUpdate":false,"showSkybox":false,"showFlares":true,"showImageEffects":true,"showParticleSystems":true},"in2DMode":false,"pivot":{"x":12.259302139282227,"y":1.3295230865478516,"z":11.511704444885254},"rotation":{"x":-0.1857106238603592,"y":-0.15874920785427094,"z":0.030453529208898546,"w":-0.9692724347114563},"size":54.86518859863281,"orthographic":false}