{"cameraMode":{"drawMode":0,"name":"Shaded","section":"Shading Mode"},"sceneLighting":false,"audioPlay":false,"sceneViewState":{"showFog":true,"showMaterialUpdate":false,"showSkybox":false,"showFlares":true,"showImageEffects":true,"showParticleSystems":true},"in2DMode":false,"pivot":{"x":-21.770000457763673,"y":8.805126190185547,"z":-14.073894500732422},"rotation":{"x":-0.08962847292423248,"y":-0.2716684341430664,"z":0.02548075094819069,"w":-0.9579370617866516},"size":12.663808822631836,"orthographic":false}