{"cameraMode":{"drawMode":0,"name":"Shaded","section":"Shading Mode"},"sceneLighting":true,"audioPlay":false,"sceneViewState":{"showFog":true,"showMaterialUpdate":false,"showSkybox":false,"showFlares":true,"showImageEffects":true,"showParticleSystems":true},"in2DMode":false,"pivot":{"x":20.879892349243165,"y":0.4200000762939453,"z":24.961231231689454},"rotation":{"x":-0.057332780212163928,"y":-0.531134843826294,"z":0.03611956909298897,"w":-0.8446500301361084},"size":11.190961837768555,"orthographic":false}